USE [KB_Djaburia]
GO
/****** Object:  Table [dbo].[Менеджеры_Поставок]    Script Date: 27.05.2022 17:16:51 ******/
SET ANSI_NULLS ON
GO
SET QUOTED_IDENTIFIER ON
GO
CREATE TABLE [dbo].[Менеджеры_Поставок](
	[КодМенеджераПоставок] [int] IDENTITY(1,1) NOT NULL,
	[Фамилия] [nvarchar](50) NOT NULL,
	[Имя] [nvarchar](50) NOT NULL,
	[Отчество] [nvarchar](50) NOT NULL,
	[Телефон] [nvarchar](50) NOT NULL,
 CONSTRAINT [PK_ManagerPost] PRIMARY KEY CLUSTERED 
(
	[КодМенеджераПоставок] ASC
)WITH (PAD_INDEX = OFF, STATISTICS_NORECOMPUTE = OFF, IGNORE_DUP_KEY = OFF, ALLOW_ROW_LOCKS = ON, ALLOW_PAGE_LOCKS = ON, OPTIMIZE_FOR_SEQUENTIAL_KEY = OFF) ON [PRIMARY]
) ON [PRIMARY]
GO
/****** Object:  Table [dbo].[Поставка_товара]    Script Date: 27.05.2022 17:16:51 ******/
SET ANSI_NULLS ON
GO
SET QUOTED_IDENTIFIER ON
GO
CREATE TABLE [dbo].[Поставка_товара](
	[КодПоставки] [int] IDENTITY(1,1) NOT NULL,
	[КодТовара] [int] NOT NULL,
	[КодПоставщика] [int] NOT NULL,
	[КоличествоПостТовара] [int] NOT NULL,
	[ЦенаПостТовара] [int] NOT NULL,
	[СуммаПоставки] [money] NOT NULL,
	[КодМенеджераПоставок] [int] NOT NULL,
 CONSTRAINT [PK_Поставка_товара] PRIMARY KEY CLUSTERED 
(
	[КодПоставки] ASC
)WITH (PAD_INDEX = OFF, STATISTICS_NORECOMPUTE = OFF, IGNORE_DUP_KEY = OFF, ALLOW_ROW_LOCKS = ON, ALLOW_PAGE_LOCKS = ON, OPTIMIZE_FOR_SEQUENTIAL_KEY = OFF) ON [PRIMARY]
) ON [PRIMARY]
GO
/****** Object:  Table [dbo].[Поставщики]    Script Date: 27.05.2022 17:16:51 ******/
SET ANSI_NULLS ON
GO
SET QUOTED_IDENTIFIER ON
GO
CREATE TABLE [dbo].[Поставщики](
	[КодПоставщика] [int] IDENTITY(1,1) NOT NULL,
	[Фирма] [nvarchar](50) NOT NULL,
 CONSTRAINT [PK_Поставщики] PRIMARY KEY CLUSTERED 
(
	[КодПоставщика] ASC
)WITH (PAD_INDEX = OFF, STATISTICS_NORECOMPUTE = OFF, IGNORE_DUP_KEY = OFF, ALLOW_ROW_LOCKS = ON, ALLOW_PAGE_LOCKS = ON, OPTIMIZE_FOR_SEQUENTIAL_KEY = OFF) ON [PRIMARY]
) ON [PRIMARY]
GO
/****** Object:  Table [dbo].[Продавцы]    Script Date: 27.05.2022 17:16:51 ******/
SET ANSI_NULLS ON
GO
SET QUOTED_IDENTIFIER ON
GO
CREATE TABLE [dbo].[Продавцы](
	[КодПродавца] [int] IDENTITY(1,1) NOT NULL,
	[Фамилия] [nvarchar](50) NOT NULL,
	[Имя] [nvarchar](50) NOT NULL,
	[Отчество] [nvarchar](50) NOT NULL,
	[Телефон] [nvarchar](50) NOT NULL,
 CONSTRAINT [PK_Продавцы] PRIMARY KEY CLUSTERED 
(
	[КодПродавца] ASC
)WITH (PAD_INDEX = OFF, STATISTICS_NORECOMPUTE = OFF, IGNORE_DUP_KEY = OFF, ALLOW_ROW_LOCKS = ON, ALLOW_PAGE_LOCKS = ON, OPTIMIZE_FOR_SEQUENTIAL_KEY = OFF) ON [PRIMARY]
) ON [PRIMARY]
GO
/****** Object:  Table [dbo].[Продажа_Товара]    Script Date: 27.05.2022 17:16:51 ******/
SET ANSI_NULLS ON
GO
SET QUOTED_IDENTIFIER ON
GO
CREATE TABLE [dbo].[Продажа_Товара](
	[КодЧека] [int] NOT NULL,
	[КодТовара] [int] NOT NULL,
	[КоличествоПродТовара] [int] NOT NULL,
	[ЦенаПродТовара] [int] NOT NULL,
	[Доход] [int] NOT NULL,
	[КодПродавца] [int] NOT NULL,
 CONSTRAINT [PK_Продажа_Товара] PRIMARY KEY CLUSTERED 
(
	[КодЧека] ASC
)WITH (PAD_INDEX = OFF, STATISTICS_NORECOMPUTE = OFF, IGNORE_DUP_KEY = OFF, ALLOW_ROW_LOCKS = ON, ALLOW_PAGE_LOCKS = ON, OPTIMIZE_FOR_SEQUENTIAL_KEY = OFF) ON [PRIMARY]
) ON [PRIMARY]
GO
/****** Object:  Table [dbo].[Товар]    Script Date: 27.05.2022 17:16:51 ******/
SET ANSI_NULLS ON
GO
SET QUOTED_IDENTIFIER ON
GO
CREATE TABLE [dbo].[Товар](
	[КодТовара] [int] IDENTITY(1,1) NOT NULL,
	[Экземпляр] [nvarchar](50) NOT NULL,
	[Цена] [nvarchar](50) NULL,
 CONSTRAINT [PK_Товар] PRIMARY KEY CLUSTERED 
(
	[КодТовара] ASC
)WITH (PAD_INDEX = OFF, STATISTICS_NORECOMPUTE = OFF, IGNORE_DUP_KEY = OFF, ALLOW_ROW_LOCKS = ON, ALLOW_PAGE_LOCKS = ON, OPTIMIZE_FOR_SEQUENTIAL_KEY = OFF) ON [PRIMARY]
) ON [PRIMARY]
GO
SET IDENTITY_INSERT [dbo].[Менеджеры_Поставок] ON 

INSERT [dbo].[Менеджеры_Поставок] ([КодМенеджераПоставок], [Фамилия], [Имя], [Отчество], [Телефон]) VALUES (1, N'Пароходов', N'Николай', N'Евгеньевич', N'79267431687')
INSERT [dbo].[Менеджеры_Поставок] ([КодМенеджераПоставок], [Фамилия], [Имя], [Отчество], [Телефон]) VALUES (2, N'Роботов', N'Евгений', N'Николаевич', N'79265385170')
INSERT [dbo].[Менеджеры_Поставок] ([КодМенеджераПоставок], [Фамилия], [Имя], [Отчество], [Телефон]) VALUES (3, N'Лобнов', N'Никита', N'Юрьевич', N'79661489321')
INSERT [dbo].[Менеджеры_Поставок] ([КодМенеджераПоставок], [Фамилия], [Имя], [Отчество], [Телефон]) VALUES (4, N'Терентьев', N'Павел', N'Михайлович', N'79166128204')
INSERT [dbo].[Менеджеры_Поставок] ([КодМенеджераПоставок], [Фамилия], [Имя], [Отчество], [Телефон]) VALUES (5, N'Назумов', N'Дмитрий', N'Павлович', N'79165341964')
SET IDENTITY_INSERT [dbo].[Менеджеры_Поставок] OFF
GO
SET IDENTITY_INSERT [dbo].[Поставка_товара] ON 

INSERT [dbo].[Поставка_товара] ([КодПоставки], [КодТовара], [КодПоставщика], [КоличествоПостТовара], [ЦенаПостТовара], [СуммаПоставки], [КодМенеджераПоставок]) VALUES (1, 1, 1, 100, 50, 5000.0000, 1)
INSERT [dbo].[Поставка_товара] ([КодПоставки], [КодТовара], [КодПоставщика], [КоличествоПостТовара], [ЦенаПостТовара], [СуммаПоставки], [КодМенеджераПоставок]) VALUES (2, 2, 1, 100, 60, 6000.0000, 1)
INSERT [dbo].[Поставка_товара] ([КодПоставки], [КодТовара], [КодПоставщика], [КоличествоПостТовара], [ЦенаПостТовара], [СуммаПоставки], [КодМенеджераПоставок]) VALUES (3, 3, 1, 100, 65, 6500.0000, 1)
INSERT [dbo].[Поставка_товара] ([КодПоставки], [КодТовара], [КодПоставщика], [КоличествоПостТовара], [ЦенаПостТовара], [СуммаПоставки], [КодМенеджераПоставок]) VALUES (4, 4, 1, 100, 45, 4500.0000, 1)
INSERT [dbo].[Поставка_товара] ([КодПоставки], [КодТовара], [КодПоставщика], [КоличествоПостТовара], [ЦенаПостТовара], [СуммаПоставки], [КодМенеджераПоставок]) VALUES (5, 5, 2, 200, 40, 8000.0000, 2)
INSERT [dbo].[Поставка_товара] ([КодПоставки], [КодТовара], [КодПоставщика], [КоличествоПостТовара], [ЦенаПостТовара], [СуммаПоставки], [КодМенеджераПоставок]) VALUES (6, 6, 2, 200, 70, 14000.0000, 2)
INSERT [dbo].[Поставка_товара] ([КодПоставки], [КодТовара], [КодПоставщика], [КоличествоПостТовара], [ЦенаПостТовара], [СуммаПоставки], [КодМенеджераПоставок]) VALUES (8, 8, 2, 200, 50, 10000.0000, 2)
INSERT [dbo].[Поставка_товара] ([КодПоставки], [КодТовара], [КодПоставщика], [КоличествоПостТовара], [ЦенаПостТовара], [СуммаПоставки], [КодМенеджераПоставок]) VALUES (9, 9, 3, 50, 100, 5000.0000, 3)
INSERT [dbo].[Поставка_товара] ([КодПоставки], [КодТовара], [КодПоставщика], [КоличествоПостТовара], [ЦенаПостТовара], [СуммаПоставки], [КодМенеджераПоставок]) VALUES (1003, 10, 3, 50, 90, 4500.0000, 3)
INSERT [dbo].[Поставка_товара] ([КодПоставки], [КодТовара], [КодПоставщика], [КоличествоПостТовара], [ЦенаПостТовара], [СуммаПоставки], [КодМенеджераПоставок]) VALUES (1004, 11, 3, 50, 250, 12500.0000, 3)
INSERT [dbo].[Поставка_товара] ([КодПоставки], [КодТовара], [КодПоставщика], [КоличествоПостТовара], [ЦенаПостТовара], [СуммаПоставки], [КодМенеджераПоставок]) VALUES (1005, 12, 3, 50, 200, 10000.0000, 3)
INSERT [dbo].[Поставка_товара] ([КодПоставки], [КодТовара], [КодПоставщика], [КоличествоПостТовара], [ЦенаПостТовара], [СуммаПоставки], [КодМенеджераПоставок]) VALUES (1006, 13, 4, 100, 100, 10000.0000, 4)
INSERT [dbo].[Поставка_товара] ([КодПоставки], [КодТовара], [КодПоставщика], [КоличествоПостТовара], [ЦенаПостТовара], [СуммаПоставки], [КодМенеджераПоставок]) VALUES (1007, 14, 4, 100, 50, 5000.0000, 4)
INSERT [dbo].[Поставка_товара] ([КодПоставки], [КодТовара], [КодПоставщика], [КоличествоПостТовара], [ЦенаПостТовара], [СуммаПоставки], [КодМенеджераПоставок]) VALUES (1008, 15, 4, 100, 50, 5000.0000, 4)
INSERT [dbo].[Поставка_товара] ([КодПоставки], [КодТовара], [КодПоставщика], [КоличествоПостТовара], [ЦенаПостТовара], [СуммаПоставки], [КодМенеджераПоставок]) VALUES (1009, 16, 4, 100, 50, 5000.0000, 4)
INSERT [dbo].[Поставка_товара] ([КодПоставки], [КодТовара], [КодПоставщика], [КоличествоПостТовара], [ЦенаПостТовара], [СуммаПоставки], [КодМенеджераПоставок]) VALUES (1010, 17, 5, 200, 80, 16000.0000, 5)
INSERT [dbo].[Поставка_товара] ([КодПоставки], [КодТовара], [КодПоставщика], [КоличествоПостТовара], [ЦенаПостТовара], [СуммаПоставки], [КодМенеджераПоставок]) VALUES (1011, 18, 5, 200, 20, 4000.0000, 5)
INSERT [dbo].[Поставка_товара] ([КодПоставки], [КодТовара], [КодПоставщика], [КоличествоПостТовара], [ЦенаПостТовара], [СуммаПоставки], [КодМенеджераПоставок]) VALUES (1012, 19, 5, 200, 20, 4000.0000, 5)
INSERT [dbo].[Поставка_товара] ([КодПоставки], [КодТовара], [КодПоставщика], [КоличествоПостТовара], [ЦенаПостТовара], [СуммаПоставки], [КодМенеджераПоставок]) VALUES (1013, 20, 5, 200, 60, 12000.0000, 5)
SET IDENTITY_INSERT [dbo].[Поставка_товара] OFF
GO
SET IDENTITY_INSERT [dbo].[Поставщики] ON 

INSERT [dbo].[Поставщики] ([КодПоставщика], [Фирма]) VALUES (1, N'ООО "Овощи"')
INSERT [dbo].[Поставщики] ([КодПоставщика], [Фирма]) VALUES (2, N'ООО "Фрукты"')
INSERT [dbo].[Поставщики] ([КодПоставщика], [Фирма]) VALUES (3, N'ООО "Алкоголь"')
INSERT [dbo].[Поставщики] ([КодПоставщика], [Фирма]) VALUES (4, N'ООО "Шоколад"')
INSERT [dbo].[Поставщики] ([КодПоставщика], [Фирма]) VALUES (5, N'ООО "Снэки"')
SET IDENTITY_INSERT [dbo].[Поставщики] OFF
GO
SET IDENTITY_INSERT [dbo].[Продавцы] ON 

INSERT [dbo].[Продавцы] ([КодПродавца], [Фамилия], [Имя], [Отчество], [Телефон]) VALUES (1, N'Бегунов', N'Никита', N'Николаевич', N'79167342189')
INSERT [dbo].[Продавцы] ([КодПродавца], [Фамилия], [Имя], [Отчество], [Телефон]) VALUES (2, N'Романов', N'Михаил', N'Владимирович', N'79264517891')
INSERT [dbo].[Продавцы] ([КодПродавца], [Фамилия], [Имя], [Отчество], [Телефон]) VALUES (3, N'Игорьев', N'Павел', N'Романович', N'79168412811')
INSERT [dbo].[Продавцы] ([КодПродавца], [Фамилия], [Имя], [Отчество], [Телефон]) VALUES (4, N'Парников', N'Игорь', N'Тарасович', N'79265896745')
INSERT [dbo].[Продавцы] ([КодПродавца], [Фамилия], [Имя], [Отчество], [Телефон]) VALUES (5, N'Молотин', N'Никита', N'Максимович', N'79263417651')
SET IDENTITY_INSERT [dbo].[Продавцы] OFF
GO
INSERT [dbo].[Продажа_Товара] ([КодЧека], [КодТовара], [КоличествоПродТовара], [ЦенаПродТовара], [Доход], [КодПродавца]) VALUES (80901, 1, 2, 120, 20, 1)
INSERT [dbo].[Продажа_Товара] ([КодЧека], [КодТовара], [КоличествоПродТовара], [ЦенаПродТовара], [Доход], [КодПродавца]) VALUES (80902, 2, 2, 140, 20, 1)
INSERT [dbo].[Продажа_Товара] ([КодЧека], [КодТовара], [КоличествоПродТовара], [ЦенаПродТовара], [Доход], [КодПродавца]) VALUES (80903, 3, 3, 215, 20, 1)
INSERT [dbo].[Продажа_Товара] ([КодЧека], [КодТовара], [КоличествоПродТовара], [ЦенаПродТовара], [Доход], [КодПродавца]) VALUES (80904, 4, 3, 155, 20, 1)
INSERT [dbo].[Продажа_Товара] ([КодЧека], [КодТовара], [КоличествоПродТовара], [ЦенаПродТовара], [Доход], [КодПродавца]) VALUES (80905, 5, 1, 60, 20, 2)
INSERT [dbo].[Продажа_Товара] ([КодЧека], [КодТовара], [КоличествоПродТовара], [ЦенаПродТовара], [Доход], [КодПродавца]) VALUES (80906, 6, 2, 160, 20, 2)
INSERT [dbo].[Продажа_Товара] ([КодЧека], [КодТовара], [КоличествоПродТовара], [ЦенаПродТовара], [Доход], [КодПродавца]) VALUES (80908, 8, 4, 220, 20, 2)
INSERT [dbo].[Продажа_Товара] ([КодЧека], [КодТовара], [КоличествоПродТовара], [ЦенаПродТовара], [Доход], [КодПродавца]) VALUES (80909, 9, 1, 120, 20, 3)
INSERT [dbo].[Продажа_Товара] ([КодЧека], [КодТовара], [КоличествоПродТовара], [ЦенаПродТовара], [Доход], [КодПродавца]) VALUES (80910, 10, 2, 200, 20, 3)
INSERT [dbo].[Продажа_Товара] ([КодЧека], [КодТовара], [КоличествоПродТовара], [ЦенаПродТовара], [Доход], [КодПродавца]) VALUES (80911, 11, 3, 770, 20, 3)
INSERT [dbo].[Продажа_Товара] ([КодЧека], [КодТовара], [КоличествоПродТовара], [ЦенаПродТовара], [Доход], [КодПродавца]) VALUES (80912, 12, 4, 820, 20, 3)
INSERT [dbo].[Продажа_Товара] ([КодЧека], [КодТовара], [КоличествоПродТовара], [ЦенаПродТовара], [Доход], [КодПродавца]) VALUES (80913, 13, 1, 120, 20, 4)
INSERT [dbo].[Продажа_Товара] ([КодЧека], [КодТовара], [КоличествоПродТовара], [ЦенаПродТовара], [Доход], [КодПродавца]) VALUES (80914, 14, 2, 120, 20, 4)
INSERT [dbo].[Продажа_Товара] ([КодЧека], [КодТовара], [КоличествоПродТовара], [ЦенаПродТовара], [Доход], [КодПродавца]) VALUES (80915, 15, 3, 170, 20, 4)
INSERT [dbo].[Продажа_Товара] ([КодЧека], [КодТовара], [КоличествоПродТовара], [ЦенаПродТовара], [Доход], [КодПродавца]) VALUES (80916, 16, 4, 220, 20, 4)
INSERT [dbo].[Продажа_Товара] ([КодЧека], [КодТовара], [КоличествоПродТовара], [ЦенаПродТовара], [Доход], [КодПродавца]) VALUES (80917, 17, 1, 100, 20, 5)
INSERT [dbo].[Продажа_Товара] ([КодЧека], [КодТовара], [КоличествоПродТовара], [ЦенаПродТовара], [Доход], [КодПродавца]) VALUES (80918, 18, 2, 60, 20, 5)
INSERT [dbo].[Продажа_Товара] ([КодЧека], [КодТовара], [КоличествоПродТовара], [ЦенаПродТовара], [Доход], [КодПродавца]) VALUES (80919, 19, 3, 80, 20, 5)
INSERT [dbo].[Продажа_Товара] ([КодЧека], [КодТовара], [КоличествоПродТовара], [ЦенаПродТовара], [Доход], [КодПродавца]) VALUES (80920, 20, 4, 260, 20, 5)
GO
SET IDENTITY_INSERT [dbo].[Товар] ON 

INSERT [dbo].[Товар] ([КодТовара], [Экземпляр], [Цена]) VALUES (1, N'Огурцы', N'60')
INSERT [dbo].[Товар] ([КодТовара], [Экземпляр], [Цена]) VALUES (2, N'Помидоры', N'70')
INSERT [dbo].[Товар] ([КодТовара], [Экземпляр], [Цена]) VALUES (3, N'Кабачки', N'72')
INSERT [dbo].[Товар] ([КодТовара], [Экземпляр], [Цена]) VALUES (4, N'Картошка', N'52')
INSERT [dbo].[Товар] ([КодТовара], [Экземпляр], [Цена]) VALUES (5, N'Яблоки', N'60')
INSERT [dbo].[Товар] ([КодТовара], [Экземпляр], [Цена]) VALUES (6, N'Абрикосы', N'80')
INSERT [dbo].[Товар] ([КодТовара], [Экземпляр], [Цена]) VALUES (8, N'Груши', N'55')
INSERT [dbo].[Товар] ([КодТовара], [Экземпляр], [Цена]) VALUES (9, N'Белый медведь', N'120')
INSERT [dbo].[Товар] ([КодТовара], [Экземпляр], [Цена]) VALUES (10, N'Ледокол', N'100')
INSERT [dbo].[Товар] ([КодТовара], [Экземпляр], [Цена]) VALUES (11, N'Талка', N'256')
INSERT [dbo].[Товар] ([КодТовара], [Экземпляр], [Цена]) VALUES (12, N'Беленькая', N'205')
INSERT [dbo].[Товар] ([КодТовара], [Экземпляр], [Цена]) VALUES (13, N'Alpen Gold', N'120')
INSERT [dbo].[Товар] ([КодТовара], [Экземпляр], [Цена]) VALUES (14, N'Snikers', N'60')
INSERT [dbo].[Товар] ([КодТовара], [Экземпляр], [Цена]) VALUES (15, N'Nuts', N'56')
INSERT [dbo].[Товар] ([КодТовара], [Экземпляр], [Цена]) VALUES (16, N'Bounty', N'55')
INSERT [dbo].[Товар] ([КодТовара], [Экземпляр], [Цена]) VALUES (17, N'Lays', N'100')
INSERT [dbo].[Товар] ([КодТовара], [Экземпляр], [Цена]) VALUES (18, N'Три корочки', N'30')
INSERT [dbo].[Товар] ([КодТовара], [Экземпляр], [Цена]) VALUES (19, N'Кириешки', N'26')
INSERT [dbo].[Товар] ([КодТовара], [Экземпляр], [Цена]) VALUES (20, N'Tuc', N'65')
SET IDENTITY_INSERT [dbo].[Товар] OFF
GO
ALTER TABLE [dbo].[Поставка_товара]  WITH CHECK ADD  CONSTRAINT [FK_Поставка_товара_Менеджеры_Поставок] FOREIGN KEY([КодМенеджераПоставок])
REFERENCES [dbo].[Менеджеры_Поставок] ([КодМенеджераПоставок])
GO
ALTER TABLE [dbo].[Поставка_товара] CHECK CONSTRAINT [FK_Поставка_товара_Менеджеры_Поставок]
GO
ALTER TABLE [dbo].[Поставка_товара]  WITH CHECK ADD  CONSTRAINT [FK_Поставка_товара_Поставщики] FOREIGN KEY([КодПоставщика])
REFERENCES [dbo].[Поставщики] ([КодПоставщика])
GO
ALTER TABLE [dbo].[Поставка_товара] CHECK CONSTRAINT [FK_Поставка_товара_Поставщики]
GO
ALTER TABLE [dbo].[Поставка_товара]  WITH CHECK ADD  CONSTRAINT [FK_Поставка_товара_Товар] FOREIGN KEY([КодТовара])
REFERENCES [dbo].[Товар] ([КодТовара])
GO
ALTER TABLE [dbo].[Поставка_товара] CHECK CONSTRAINT [FK_Поставка_товара_Товар]
GO
ALTER TABLE [dbo].[Продажа_Товара]  WITH CHECK ADD  CONSTRAINT [FK_Продажа_Товара_Продавцы] FOREIGN KEY([КодПродавца])
REFERENCES [dbo].[Продавцы] ([КодПродавца])
GO
ALTER TABLE [dbo].[Продажа_Товара] CHECK CONSTRAINT [FK_Продажа_Товара_Продавцы]
GO
ALTER TABLE [dbo].[Продажа_Товара]  WITH CHECK ADD  CONSTRAINT [FK_Продажа_Товара_Товар] FOREIGN KEY([КодТовара])
REFERENCES [dbo].[Товар] ([КодТовара])
GO
ALTER TABLE [dbo].[Продажа_Товара] CHECK CONSTRAINT [FK_Продажа_Товара_Товар]
GO
